"Required value missing","Name (name)",NULL,60
"Required value missing","Name (name)",NULL,61
"Required value missing","Name (name)",NULL,62
"Required value missing","Name (name)",NULL,63
"Required value missing","Name (name)",NULL,64
"Required value missing","Name (name)",NULL,65
"Required value missing","Name (name)",NULL,66
"Required value missing","Name (name)",NULL,67
"Required value missing","Name (name)",NULL,68
"Required value missing","Name (name)",NULL,69
"Required value missing","Name (name)",NULL,70
"Required value missing","Name (name)",NULL,71
"Required value missing","Name (name)",NULL,72
"Required value missing","Name (name)",NULL,73
"Required value missing","Name (name)",NULL,74
"Required value missing","Name (name)",NULL,75
"Required value missing","Name (name)",NULL,76
"Required value missing","Name (name)",NULL,77
"Required value missing","Name (name)",NULL,78
"Required value missing","Name (name)",NULL,79
"Required value missing","Name (name)",NULL,80
"Required value missing","Name (name)",NULL,81
"Required value missing","Name (name)",NULL,82
"Required value missing","Name (name)",NULL,83
"Required value missing","Name (name)",NULL,84
"Required value missing","Name (name)",NULL,85
"Required value missing","Name (name)",NULL,86
"Required value missing","Name (name)",NULL,87
"Required value missing","Name (name)",NULL,88
"Required value missing","Name (name)",NULL,89
"Required value missing","Name (name)",NULL,90
"Required value missing","Name (name)",NULL,91
"Required value missing","Name (name)",NULL,92
"Required value missing","Name (name)",NULL,93
"Required value missing","Name (name)",NULL,94
"Required value missing","Name (name)",NULL,95
"Required value missing","Name (name)",NULL,96
"Required value missing","Name (name)",NULL,97
"Required value missing","Name (name)",NULL,98
"Required value missing","Name (name)",NULL,99
"Required value missing","Name (name)",NULL,100
"Required value missing","Name (name)",NULL,1
"Required value missing","Name (name)",NULL,2
"Required value missing","Name (name)",NULL,3
"Required value missing","Name (name)",NULL,4
"Required value missing","Name (name)",NULL,5
"Required value missing","Name (name)",NULL,6
"Required value missing","Name (name)",NULL,7
"Required value missing","Name (name)",NULL,8
"Required value missing","Name (name)",NULL,9
"Required value missing","Name (name)",NULL,10
"Required value missing","Name (name)",NULL,11
"Required value missing","Name (name)",NULL,12
"Required value missing","Name (name)",NULL,13
